date,new_cases,new_deaths,total_cases,total_deaths,stringency_index,containment_health_index,new_cases_ma,new_deaths_ma,negative_news_intensity
2020-01-01,0,0,0,0,0.0,0.0,,,0.0
2020-01-02,0,0,0,0,0.0,0.0,,,0.0
2020-01-03,0,0,0,0,0.0,0.0,,,0.0
2020-01-04,0,0,0,0,0.0,0.0,,,0.0
2020-01-05,0,0,0,0,0.0,0.0,,,0.0
2020-01-06,0,0,0,0,0.0,0.0,,,0.0
2020-01-07,0,0,0,0,0.0,0.0,0.0,0.0,0.0
2020-01-08,0,0,0,0,0.0,0.0,0.0,0.0,0.0
2020-01-09,0,0,0,0,0.0,0.0,0.0,0.0,0.0
2020-01-10,0,0,0,0,0.0,0.0,0.0,0.0,0.0
2020-01-11,0,0,0,0,0.0,0.0,0.0,0.0,0.0
2020-01-12,0,0,0,0,0.0,0.0,0.0,0.0,0.0
2020-01-13,0,0,0,0,0.0,0.0,0.0,0.0,0.0
2020-01-14,0,0,0,0,0.0,0.0,0.0,0.0,0.0
2020-01-15,0,0,0,0,0.0,0.0,0.0,0.0,0.0
2020-01-16,0,0,0,0,0.0,0.0,0.0,0.0,0.0
2020-01-17,0,0,0,0,0.0,0.0,0.0,0.0,0.0
2020-01-18,0,0,0,0,0.0,0.0,0.0,0.0,0.0
2020-01-19,0,0,0,0,0.0,0.0,0.0,0.0,0.0
2020-01-20,1,0,1,0,0.0,0.0,0.14285714285714285,0.0,1.0541651117731268e-06
2020-01-21,0,0,1,0,0.0,5.95,0.14285714285714285,0.0,0.0
2020-01-22,0,0,1,0,0.0,5.95,0.14285714285714285,0.0,0.0
2020-01-23,0,0,1,0,0.0,5.95,0.14285714285714285,0.0,0.0
2020-01-24,0,0,1,0,0.0,5.95,0.14285714285714285,0.0,0.0
2020-01-25,5,0,6,0,0.0,5.95,0.8571428571428571,0.0,5.270825558865634e-06
2020-01-26,1,0,7,0,0.0,5.95,1.0,0.0,1.0541651117731268e-06
2020-01-27,0,0,7,0,0.0,5.95,0.8571428571428571,0.0,0.0
2020-01-28,1,0,8,0,0.0,5.95,1.0,0.0,1.0541651117731268e-06
2020-01-29,0,0,8,0,0.0,5.95,1.0,0.0,0.0
2020-01-30,0,0,8,0,0.0,5.95,1.0,0.0,0.0
2020-01-31,0,0,8,0,0.0,5.95,1.0,0.0,0.0
2020-02-01,0,0,8,0,0.0,5.95,0.2857142857142857,0.0,0.0
2020-02-02,1,0,9,0,5.56,9.52,0.2857142857142857,0.0,0.027801053506480447
2020-02-03,1,0,10,0,5.56,9.52,0.42857142857142855,0.0,0.027801053506480447
2020-02-04,3,0,13,0,5.56,9.52,0.7142857142857143,0.0,0.027803161836703994
2020-02-05,4,0,17,0,5.56,9.52,1.2857142857142858,0.0,0.02780421600181577
2020-02-06,2,0,19,0,5.56,15.48,1.5714285714285714,0.0,0.027802107671592222
2020-02-07,0,0,19,0,5.56,15.48,1.5714285714285714,0.0,0.027799999341368675
2020-02-08,0,0,19,0,5.56,15.48,1.5714285714285714,0.0,0.027799999341368675
2020-02-09,1,0,20,0,5.56,15.48,1.5714285714285714,0.0,0.027801053506480447
2020-02-10,0,0,20,0,5.56,15.48,1.4285714285714286,0.0,0.027799999341368675
2020-02-11,0,0,20,0,8.33,17.26,1.0,0.0,0.04165000095963478
2020-02-12,0,0,20,0,8.33,17.26,0.42857142857142855,0.0,0.04165000095963478
2020-02-13,0,0,20,0,8.33,17.26,0.14285714285714285,0.0,0.04165000095963478
2020-02-14,2,0,22,0,8.33,17.26,0.42857142857142855,0.0,0.041652109289858325
2020-02-15,1,0,23,0,8.33,17.26,0.5714285714285714,0.0,0.04165105512474655
2020-02-16,1,0,24,0,8.33,17.26,0.5714285714285714,0.0,0.04165105512474655
2020-02-17,0,0,24,0,8.33,17.26,0.5714285714285714,0.0,0.04165000095963478
2020-02-18,0,0,24,0,8.33,17.26,0.5714285714285714,0.0,0.04165000095963478
2020-02-19,2,0,26,0,8.33,17.26,0.8571428571428571,0.0,0.041652109289858325
2020-02-20,5,0,31,0,8.33,17.26,1.5714285714285714,0.0,0.04165527178519365
2020-02-21,3,0,34,0,8.33,17.26,1.7142857142857142,0.0,0.0416531634549701
2020-02-22,1,0,35,0,8.33,17.26,1.7142857142857142,0.0,0.04165105512474655
2020-02-23,5,0,40,0,8.33,17.26,2.2857142857142856,0.0,0.04165527178519365
2020-02-24,8,0,48,0,8.33,17.26,3.4285714285714284,0.0,0.04165843428052897
2020-02-25,0,0,48,0,8.33,17.26,3.4285714285714284,0.0,0.04165000095963478
2020-02-26,4,0,52,0,8.33,17.26,3.7142857142857144,0.0,0.041654217620081875
2020-02-27,4,0,56,0,8.33,17.26,3.5714285714285716,0.0,0.041654217620081875
2020-02-28,8,0,64,0,8.33,17.26,4.285714285714286,0.0,0.04165843428052897
2020-02-29,5,1,69,1,8.33,17.26,4.857142857142857,0.14285714285714285,0.04165527178519365
2020-03-01,4,0,73,1,11.11,19.05,4.714285714285714,0.14285714285714285,0.05555421449679849
2020-03-02,9,1,82,2,11.11,19.05,4.857142857142857,0.2857142857142857,0.055559485322357355
2020-03-03,18,0,100,2,11.11,19.05,7.428571428571429,0.2857142857142857,0.05556897280836331
2020-03-04,35,6,135,8,11.11,19.05,11.857142857142858,1.1428571428571428,0.05558689361526346
2020-03-05,51,3,186,11,20.37,25.0,18.571428571428573,1.5714285714285714,0.10190376542477453
2020-03-06,70,2,256,13,20.37,25.0,27.428571428571427,1.8571428571428572,0.10192379456189822
2020-03-07,78,3,334,16,20.37,25.0,37.857142857142854,2.142857142857143,0.1019322278827924
2020-03-08,130,3,464,19,20.37,25.0,55.857142857142854,2.5714285714285716,0.1019870444686046
2020-03-09,146,5,610,24,20.37,25.0,75.42857142857143,3.142857142857143,0.10200391111039298
2020-03-10,212,4,822,28,20.37,25.89,103.14285714285714,3.7142857142857144,0.10207348600777
2020-03-11,390,4,1212,32,21.76,26.79,153.85714285714286,3.4285714285714284,0.10921112583602392
2020-03-12,497,7,1709,39,30.09,32.14,217.57142857142858,4.0,0.15097392618790872
2020-03-13,525,12,2234,51,30.09,32.14,282.57142857142856,5.428571428571429,0.15100344281103836
2020-03-14,727,7,2961,58,35.65,35.71,375.2857142857143,6.0,0.17901639281821097
2020-03-15,968,11,3929,69,41.2,39.29,495.0,7.142857142857143,0.20702043206661497
2020-03-16,1219,13,5148,82,52.31,46.43,648.2857142857143,8.285714285714286,0.26283503652189233
2020-03-17,2135,18,7283,100,55.09,48.21,923.0,10.285714285714286,0.2777006337398319
2020-03-18,2369,21,9652,121,55.09,48.21,1205.7142857142858,12.714285714285714,0.2779473083759868
2020-03-19,3229,28,12881,149,67.13,55.95,1596.0,15.714285714285714,0.33905389614184134
2020-03-20,4862,64,17743,213,67.13,55.95,2215.5714285714284,23.142857142857142,0.34077534776936685
2020-03-21,6113,69,23856,282,72.69,59.52,2985.0,32.0,0.3698941318799506
2020-03-22,7559,92,31415,374,72.69,59.52,3926.5714285714284,43.57142857142857,0.3714184546315746
2020-03-23,9110,112,40525,486,72.69,59.52,5053.857142857143,57.714285714285715,0.3730534647199347
2020-03-24,10765,118,51290,604,72.69,59.52,6286.714285714285,72.0,0.37479810797991925
2020-03-25,10754,164,62044,768,72.69,59.52,7484.571428571428,92.42857142857143,0.37478651216368974
2020-03-26,11332,209,73376,977,72.69,59.52,8642.142857142857,118.28571428571429,0.3753958195982946
2020-03-27,14115,301,87491,1278,72.69,59.52,9964.0,152.14285714285714,0.3783295611043592
2020-03-28,18474,341,105965,1619,72.69,59.52,11729.857142857143,191.0,0.3829246668265783
2020-03-29,20344,487,126309,2106,72.69,59.52,13556.285714285714,247.42857142857142,0.38489595558559403
2020-03-30,20673,556,146982,2662,72.69,59.52,15208.142857142857,310.85714285714283,0.3852427759073674
2020-03-31,26161,665,173143,3327,72.69,59.52,17407.571428571428,389.0,0.3910280340407783
2020-04-01,15536,631,188679,3958,72.69,59.52,18090.714285714286,455.7142857142857,0.37982752972818884
2020-04-02,23260,982,211939,4940,72.69,59.52,19794.714285714286,566.1428571428571,0.38796990105152446
2020-04-03,28674,1121,240613,6061,72.69,59.52,21874.571428571428,683.2857142857143,0.39367715096666417
2020-04-04,29790,1311,270403,7372,72.69,64.88,23491.14285714286,821.8571428571429,0.39485359923140295
2020-04-05,32057,1376,302460,8748,72.69,64.88,25164.428571428572,948.8571428571429,0.39724339153979266
2020-04-06,32134,1540,334594,10288,72.69,64.88,26801.714285714286,1089.4285714285713,0.3973245622533992
2020-04-07,26984,1873,361578,12161,72.69,64.88,26919.285714285714,1262.0,0.39189561192776756
2020-04-08,28629,1691,390207,13852,72.69,64.88,28789.714285714286,1413.4285714285713,0.39362971353663434
2020-04-09,29355,2093,419562,15945,72.69,64.88,29660.428571428572,1572.142857142857,0.39439503740778165
2020-04-10,34148,2221,453710,18166,72.69,64.88,30442.428571428572,1729.2857142857142,0.39944765078851024
2020-04-11,34743,2230,488453,20396,72.69,64.88,31150.0,1860.5714285714287,0.40007487903001526
2020-04-12,33179,2241,521632,22637,72.69,64.88,31310.285714285714,1984.142857142857,0.3984261647952021
2020-04-13,31535,2192,553167,24829,72.69,64.88,31224.714285714286,2077.285714285714,0.3966931173514471
2020-04-14,27094,1857,580261,26686,72.69,64.88,31240.428571428572,2075.0,0.3920115700900626
2020-04-15,25244,1905,605505,28591,72.69,64.88,30756.85714285714,2105.5714285714284,0.39006136463328234
2020-04-16,25259,2432,630764,31023,72.69,64.88,30171.714285714286,2154.0,0.39007717710995893
2020-04-17,25208,2731,655972,33754,72.69,64.88,28894.571428571428,2226.8571428571427,0.3900234146892585
2020-04-18,31494,2445,687466,36199,72.69,64.88,28430.428571428572,2257.5714285714284,0.3966498965818644
2020-04-19,30316,2336,717782,38535,72.69,64.88,28021.428571428572,2271.1428571428573,0.3954080900801956
2020-04-20,28281,1848,746063,40383,72.69,64.88,27556.571428571428,2222.0,0.3932628640777373
2020-04-21,26070,1993,772133,42376,72.69,64.88,27410.285714285714,2241.4285714285716,0.39093210501560693
2020-04-22,26428,2077,798561,44453,72.69,64.88,27579.428571428572,2266.0,0.3913094961256217
2020-04-23,25927,2673,824488,47126,72.69,64.88,27674.85714285714,2300.4285714285716,0.3907813594046234
2020-04-24,30470,2221,854958,49347,72.69,64.88,28426.571428571428,2227.5714285714284,0.39557043150740867
2020-04-25,33211,1984,888169,51331,72.69,64.88,28671.85714285714,2161.714285714286,0.39845989807877885
2020-04-26,34778,2103,922947,53434,72.69,64.88,29309.285714285714,2128.4285714285716,0.40011177480892735
2020-04-27,33603,1892,956550,55326,72.69,64.88,30069.571428571428,2134.714285714286,0.3988731308025939
2020-04-28,26063,1535,982613,56861,72.69,64.88,30068.571428571428,2069.285714285714,0.3909247258598245
2020-04-29,23758,1489,1006371,58350,72.69,64.88,29687.14285714286,1985.2857142857142,0.38849487527718746
2020-04-30,23935,2111,1030306,60461,72.69,64.88,29402.571428571428,1905.0,0.38868146250197133
2020-05-01,26774,2417,1057080,62878,72.69,64.88,28874.571428571428,1933.0,0.39167423725429523
2020-05-02,31221,2238,1088301,65116,72.69,64.88,28590.285714285714,1969.2857142857142,0.3963621095063503
2020-05-03,33082,1953,1121383,67069,72.69,64.88,28348.0,1947.857142857143,0.3983239107793601
2020-05-04,28292,1609,1149675,68678,72.69,64.88,27589.285714285714,1907.4285714285713,0.3932744598939668
2020-05-05,25927,1412,1175602,70090,72.69,64.88,27569.85714285714,1889.857142857143,0.3907813594046234
2020-05-06,22324,1271,1197926,71361,72.69,64.88,27365.0,1858.7142857142858,0.3869832025069048
2020-05-07,22878,2434,1220804,73795,72.69,64.88,27214.0,1904.857142857143,0.3875672099788271
2020-05-08,25440,2341,1246244,76136,72.69,64.88,27023.428571428572,1894.0,0.3902679809951899
2020-05-09,28552,2033,1274796,78169,72.69,64.88,26642.14285714286,1864.7142857142858,0.3935485428230278
2020-05-10,28833,1658,1303629,79827,72.69,64.88,26035.14285714286,1822.5714285714287,0.39384476321943607
2020-05-11,25917,1491,1329546,81318,72.69,64.88,25695.85714285714,1805.7142857142858,0.39077081775350564
2020-05-12,20656,1073,1350202,82391,72.69,64.88,24942.85714285714,1757.2857142857142,0.3852248551004672
2020-05-13,19950,1034,1370152,83425,72.69,64.88,24603.714285714286,1723.4285714285713,0.3844806145315554
2020-05-14,23902,1533,1394054,84958,72.69,64.88,24750.0,1594.7142857142858,0.3886466750532828
2020-05-15,17336,1507,1411390,86465,72.69,64.88,23592.285714285714,1475.5714285714287,0.38172502692938043
2020-05-16,34643,1943,1446033,88408,72.69,64.88,24462.428571428572,1462.7142857142858,0.39996946251883797
2020-05-17,26628,1549,1472661,89957,72.69,64.88,24147.428571428572,1447.142857142857,0.39152032914797635
2020-05-18,26081,1239,1498742,91196,72.69,64.88,24170.85714285714,1411.142857142857,0.39094370083183644
2020-05-19,19917,927,1518659,92123,72.69,64.88,24065.285714285714,1390.2857142857142,0.3844458270828669
2020-05-20,22744,946,1541403,93069,72.69,64.88,24464.428571428572,1377.7142857142858,0.38742595185384954
2020-05-21,21923,1179,1563326,94248,72.69,64.88,24181.714285714286,1327.142857142857,0.3865604822970838
2020-05-22,23506,1374,1586832,95622,72.69,64.88,25063.14285714286,1308.142857142857,0.38822922566902063
2020-05-23,26191,1083,1613023,96705,72.69,64.88,23855.714285714286,1185.2857142857142,0.3910596589941315
2020-05-24,25963,1810,1638986,98515,72.69,64.88,23760.714285714286,1222.5714285714287,0.3908193093486472
2020-05-25,21465,937,1660451,99452,72.69,64.88,23101.285714285714,1179.4285714285713,0.3860776746758917
2020-05-26,20651,788,1681102,100240,72.69,64.88,23206.14285714286,1159.5714285714287,0.3852195842749084
2020-05-27,19379,687,1700481,100927,72.69,64.88,22725.428571428572,1122.5714285714287,0.3838786862527329
2020-05-28,17510,811,1717991,101738,72.69,64.88,22095.0,1070.0,0.381908451658829
2020-05-29,19508,1285,1737499,103023,72.69,64.88,21523.85714285714,1057.2857142857142,0.3840146735521517
2020-05-30,24182,1251,1761681,104274,72.69,64.88,21236.85714285714,1081.2857142857142,0.38894184128457926
2020-05-31,23741,1051,1785422,105325,72.69,64.88,20919.428571428572,972.8571428571429,0.3884769544702873
2020-06-01,24127,906,1809549,106231,72.69,64.88,21299.714285714286,968.4285714285714,0.38888386220343174
2020-06-02,21466,673,1831015,106904,72.69,64.88,21416.14285714286,952.0,0.38607872884100347
2020-06-03,17157,691,1848172,107595,72.69,64.88,21098.714285714286,952.5714285714286,0.38153633137437304
2020-06-04,20974,934,1869146,108529,72.69,64.88,21593.571428571428,970.1428571428571,0.3855600796060111
2020-06-05,20695,1022,1889841,109551,72.69,64.88,21763.14285714286,932.5714285714286,0.3852659675398264
2020-06-06,20870,885,1910711,110436,72.69,64.88,21290.0,880.2857142857143,0.3854504464343867
2020-06-07,24491,876,1935202,111312,72.69,64.88,21397.14285714286,855.2857142857143,0.3892675783041172
2020-06-08,23285,669,1958487,111981,72.69,64.88,21276.85714285714,821.4285714285714,0.3879962551793188
2020-06-09,18455,593,1976942,112574,72.69,64.88,20846.714285714286,810.0,0.3829046376894546
2020-06-10,18151,776,1995093,113350,72.69,64.88,20988.714285714286,822.1428571428571,0.3825841714954755
2020-06-11,18581,827,2013674,114177,72.69,64.88,20646.85714285714,806.8571428571429,0.383037462493538
2020-06-12,22181,882,2035855,115059,72.69,64.88,20859.14285714286,786.8571428571429,0.3868324568959213
2020-06-13,22890,888,2058745,115947,72.69,64.88,21147.714285714286,787.2857142857143,0.3875798599601684
2020-06-14,28333,735,2087078,116682,72.69,64.88,21696.571428571428,767.1428571428571,0.3933176806635495
2020-06-15,26434,685,2113512,117367,68.98,62.5,22146.428571428572,769.4285714285714,0.37276581258090724
2020-06-16,20778,489,2134290,117856,68.98,62.5,22478.285714285714,754.5714285714286,0.3668034547087184
2020-06-17,20591,525,2154881,118381,68.98,62.5,22826.85714285714,718.7142857142857,0.3666063258328168
2020-06-18,24777,674,2179658,119055,68.98,62.5,23712.0,696.8571428571429,0.37101906099069915
2020-06-19,25816,684,2205474,119739,68.98,62.5,24231.285714285714,668.5714285714286,0.3721143385418314
2020-06-20,28520,643,2233994,120382,68.98,62.5,25035.571428571428,633.5714285714286,0.374964801004066
2020-06-21,33105,755,2267099,121137,68.98,62.5,25717.285714285714,636.4285714285714,0.37979814804154577
2020-06-22,33467,576,2300566,121713,68.98,62.5,26722.0,620.8571428571429,0.38017975581200764
2020-06-23,27345,413,2327911,122126,68.98,62.5,27660.14285714286,610.0,0.37372615699773254
2020-06-24,28698,415,2356609,122541,68.98,64.88,28818.285714285714,594.2857142857143,0.37515244239396156
2020-06-25,37887,746,2394496,123287,68.98,64.88,30691.14285714286,604.5714285714286,0.38483916560604486
2020-06-26,37320,692,2431816,123979,68.98,64.88,32334.571428571428,605.7142857142857,0.38424145398766946
2020-06-27,47021,2533,2478837,126512,68.98,64.88,34977.57142857143,875.7142857142857,0.3944679097369806
2020-06-28,46540,706,2525377,127218,68.98,64.88,36896.857142857145,868.7142857142857,0.3939608563182177
2020-06-29,43653,593,2569030,127811,68.98,64.88,38352.0,871.1428571428571,0.3909174816405287
2020-06-30,37583,439,2606613,128250,68.98,64.88,39814.57142857143,874.8571428571429,0.3845186994120658
2020-07-01,38517,461,2645130,128711,68.98,64.88,41217.28571428572,881.4285714285714,0.3855032896264619
2020-07-02,47253,662,2692383,129373,68.98,64.88,42555.28571428572,869.4285714285714,0.39471247604291193
2020-07-03,59342,782,2751725,130155,68.98,64.88,45701.28571428572,882.2857142857143,0.40745627807913726
2020-07-04,55452,704,2807177,130859,68.98,64.88,46905.71428571428,621.0,0.40335557579433984
2020-07-05,60366,810,2867543,131669,68.98,64.88,48880.857142857145,635.8571428571429,0.408535743153593
2020-07-06,48978,539,2916521,132208,68.98,64.88,49641.57142857143,628.1428571428571,0.39653091086072056
2020-07-07,40413,460,2956934,132668,68.98,64.88,50045.857142857145,631.1428571428571,0.38750198667838376
2020-07-08,50763,598,3007697,133266,68.98,64.88,51795.28571428572,650.7142857142857,0.3984125955852356
2020-07-09,56754,928,3064451,134194,68.98,64.88,53152.57142857143,688.7142857142857,0.4047280987698684
2020-07-10,64775,1079,3129226,135273,68.98,64.88,53928.71428571428,731.1428571428571,0.41318355713140065
2020-07-11,61943,961,3191169,136234,68.98,64.88,54856.0,767.8571428571429,0.41019816153485916
2020-07-12,68579,964,3259748,137198,68.98,64.88,56029.28571428572,789.8571428571429,0.41719360121658566
2020-07-13,68262,889,3328010,138087,68.98,64.88,58784.142857142855,839.8571428571429,0.41685943087615357
2020-07-14,58680,840,3386690,138927,68.98,64.88,61393.71428571428,894.1428571428571,0.40675842077514346
2020-07-15,56287,731,3442977,139658,68.98,64.88,62182.857142857145,913.1428571428571,0.40423580366267037
2020-07-16,64516,914,3507493,140572,68.98,64.88,63291.71428571428,911.1428571428571,0.41291052836745146
2020-07-17,72389,1122,3579882,141694,68.98,64.88,64379.42857142857,917.2857142857143,0.4212099702924413
2020-07-18,69181,1089,3649063,142783,68.98,64.88,65413.42857142857,935.5714285714286,0.41782820861387304
2020-07-19,76952,1081,3726015,143864,68.98,64.88,66609.57142857143,952.2857142857143,0.42602012569746206
2020-07-20,67324,1005,3793339,144869,68.98,64.88,66475.57142857143,968.8571428571429,0.41587062400131036
2020-07-21,60012,932,3853351,145801,68.98,64.88,66665.85714285714,982.0,0.4081625687040253
2020-07-22,58519,867,3911870,146668,68.98,64.88,66984.71428571429,1001.4285714285714,0.406588700192148
2020-07-23,63336,1193,3975206,147861,68.98,64.88,66816.14285714286,1041.2857142857142,0.4116666135355591
2020-07-24,72416,1191,4047622,149052,68.98,64.88,66820.0,1051.142857142857,0.42123843275045914
2020-07-25,73142,1254,4120764,150306,68.98,64.88,67385.85714285714,1074.7142857142858,0.42200375662160644
2020-07-26,73152,1284,4193916,151590,68.98,64.88,66843.0,1103.7142857142858,0.4220142982727242
2020-07-27,61596,1148,4255512,152738,68.98,64.88,66024.71428571429,1124.142857142857,0.4098323662410739
2020-07-28,57759,951,4313271,153689,68.98,64.88,65702.85714285714,1126.857142857143,0.4057875347072004
2020-07-29,54007,936,4367278,154625,68.98,64.88,65058.28571428572,1136.7142857142858,0.40183230720782764
2020-07-30,58708,1163,4425986,155788,68.98,64.88,64397.142857142855,1132.4285714285713,0.4067879373982731
2020-07-31,64855,1179,4490841,156967,68.98,64.88,63317.0,1130.7142857142858,0.4132678903403425
2020-08-01,66141,1400,4556982,158367,68.98,64.88,62316.857142857145,1151.5714285714287,0.41462354667408274
2020-08-02,68184,1369,4625166,159736,68.98,64.88,61607.142857142855,1163.7142857142858,0.4167772059974353
2020-08-03,56412,1164,4681578,160900,68.98,64.88,60866.57142857143,1166.0,0.404367574301642
2020-08-04,50849,922,4732427,161822,68.98,64.88,59879.42857142857,1161.857142857143,0.39850325378484813
2020-08-05,45329,853,4777756,162675,68.98,64.88,58639.71428571428,1150.0,0.39268426236786047
2020-08-06,52056,1072,4829812,163747,68.98,64.88,57689.42857142857,1137.0,0.3997756310747583
2020-08-07,55592,1260,4885404,165007,68.98,64.88,56366.142857142855,1148.5714285714287,0.40350315890998806
2020-08-08,53165,1211,4938569,166218,68.98,64.88,54512.42857142857,1121.5714285714287,0.4009447001837147
2020-08-09,62506,1317,5001075,167535,68.98,64.88,53701.28571428572,1114.142857142857,0.4107916564927875
2020-08-10,51679,1043,5052754,168578,68.98,64.88,53025.142857142855,1096.857142857143,0.3993782108276198
2020-08-11,46473,900,5099227,169478,68.98,64.88,52400.0,1093.7142857142858,0.3938902272557289
2020-08-12,43377,795,5142604,170273,68.98,64.88,52121.142857142855,1085.4285714285713,0.3906265320696793
2020-08-13,58958,1098,5201562,171371,68.98,64.88,53107.142857142855,1089.142857142857,0.4070514786762164
2020-08-14,54392,1326,5255954,172697,68.98,64.88,52935.71428571428,1098.5714285714287,0.4022381607758603
2020-08-15,51522,1195,5307476,173892,68.98,64.88,52701.0,1096.2857142857142,0.39921270690507143
2020-08-16,56261,1047,5363737,174939,68.98,64.88,51808.857142857145,1057.7142857142858,0.4042083953697643
2020-08-17,51137,952,5414874,175891,68.98,64.88,51731.42857142857,1044.7142857142858,0.3988068533370388
2020-08-18,41495,889,5456369,176780,68.98,64.88,51020.28571428572,1043.142857142857,0.3886425933293223
2020-08-19,41589,637,5497958,177417,68.98,64.88,50764.857142857145,1020.5714285714286,0.38874168484982896
2020-08-20,41625,928,5539583,178345,68.98,64.88,48288.71428571428,996.2857142857143,0.3887796347938528
2020-08-21,46574,1264,5586157,179609,68.98,64.88,47171.857142857145,987.4285714285714,0.39399669793201797
2020-08-22,46187,1000,5632344,180609,68.98,64.88,46409.71428571428,959.5714285714286,0.39358873603376177
2020-08-23,47181,1007,5679525,181616,68.98,64.88,45112.57142857143,953.8571428571429,0.3946365761548643
2020-08-24,42550,1006,5722075,182622,68.98,64.88,43885.857142857145,961.5714285714286,0.38975473752224293
2020-08-25,36210,836,5758285,183458,68.98,64.88,43130.857142857145,954.0,0.38307133071360133
2020-08-26,35716,584,5794001,184042,68.98,64.88,42291.857142857145,946.4285714285714,0.38255057314838536
2020-08-27,40574,880,5834575,184922,68.98,64.88,42141.71428571428,939.5714285714286,0.38767170726137923
2020-08-28,46430,1062,5881005,185984,68.98,64.88,42121.142857142855,910.7142857142857,0.39384489815592266
2020-08-29,46920,940,5927925,186924,68.98,64.88,42225.857142857145,902.1428571428571,0.3943614390606915
2020-08-30,46546,1035,5974471,187959,68.98,64.88,42135.142857142855,906.1428571428571,0.39396718130888836
2020-08-31,40908,839,6015379,188798,68.98,64.88,41900.57142857143,882.2857142857143,0.3880237984087115
2020-09-01,36635,717,6052014,189515,68.98,64.88,41961.28571428572,865.2857142857143,0.3835193508861049
2020-09-02,38696,553,6090710,190068,68.98,64.88,42387.0,860.8571428571429,0.3856919851814693
2020-09-03,39178,860,6129888,190928,68.98,64.88,42187.57142857143,858.0,0.38620009276534395
2020-09-04,43647,884,6173535,191812,68.98,64.88,41790.0,832.5714285714286,0.39091115664985804
2020-09-05,45272,948,6218807,192760,68.98,64.88,41554.57142857143,833.7142857142857,0.3926241749564894
2020-09-06,50917,904,6269724,193664,68.98,64.88,42179.0,815.0,0.39857493701244867
2020-09-07,41129,801,6310853,194465,68.98,64.88,42210.57142857143,809.5714285714286,0.3882567688984133
2020-09-08,34237,685,6345090,195150,68.98,64.88,41868.0,805.0,0.38099146294807296
2020-09-09,24876,417,6369966,195567,68.98,64.88,39893.71428571428,785.5714285714286,0.3711234233367647
2020-09-10,28054,553,6398020,196120,68.98,64.88,38304.57142857143,741.7142857142857,0.3744735600619797
2020-09-11,34660,826,6432680,196946,68.98,64.88,37020.71428571428,733.4285714285714,0.38143737479035295
2020-09-12,38583,832,6471263,197778,66.2,63.1,36065.142857142855,716.8571428571429,0.37167282294363874
2020-09-13,44082,863,6515345,198641,66.2,63.1,35088.71428571428,711.0,0.37746967689327915
2020-09-14,40371,662,6555716,199303,66.2,63.1,34980.42857142857,691.1428571428571,0.37355767016348906
2020-09-15,32888,720,6588604,200023,66.2,63.1,34787.71428571428,696.1428571428571,0.36566935263209077
2020-09-16,34336,359,6622940,200382,66.2,63.1,36139.142857142855,687.8571428571429,0.3671957837139383
2020-09-17,36815,801,6659755,201183,66.2,61.9,37390.71428571428,723.2857142857143,0.36980905902602385
2020-09-18,43910,1099,6703665,202282,66.2,61.9,38712.142857142855,762.2857142857143,0.3772883604940542
2020-09-19,44530,732,6748195,203014,66.2,61.9,39561.71428571428,748.0,0.37794194286335353
2020-09-20,48127,803,6796322,203817,66.2,61.9,40139.57142857143,739.4285714285714,0.3817337747704015
2020-09-21,42181,674,6838503,204491,66.2,61.9,40398.142857142855,741.1428571428571,0.37546570901579845
2020-09-22,34450,484,6872953,204975,66.2,61.9,40621.28571428572,707.4285714285714,0.3673159585366804
2020-09-23,41398,537,6914351,205512,66.2,61.9,41630.142857142855,732.8571428571429,0.3746402977332801
2020-09-24,49528,660,6963879,206172,66.2,61.9,43446.28571428572,712.7142857142857,0.3832106600919956
2020-09-25,41641,903,7005520,207075,66.2,61.9,43122.142857142855,684.7142857142857,0.37489645985544096
2020-09-26,45961,740,7051481,207815,66.2,61.9,43326.57142857143,685.8571428571429,0.3794504531383009
2020-09-27,49615,778,7101096,208593,66.2,61.9,43539.142857142855,682.2857142857143,0.3833023724567199
2020-09-28,42035,664,7143131,209257,66.2,61.9,43518.28571428572,680.8571428571429,0.3753118009094796
2020-09-29,35551,502,7178682,209759,66.2,61.9,43675.57142857143,683.4285714285714,0.3684765943247426
2020-09-30,38402,400,7217084,210159,66.2,61.9,43247.57142857143,663.8571428571429,0.37148201905840783
2020-10-01,38881,795,7255965,210954,66.2,61.9,41726.57142857143,683.1428571428571,0.37198696414694715
2020-10-02,45920,686,7301885,211640,66.2,61.9,42337.857142857145,652.1428571428571,0.37940723236871815
2020-10-03,46624,733,7348509,212373,66.2,61.9,42432.57142857143,651.1428571428571,0.38014936460740645
2020-10-04,50935,907,7399444,213280,66.2,61.9,42621.142857142855,669.5714285714286,0.3846938704042604
2020-10-05,47727,565,7447171,213845,66.2,61.9,43434.28571428572,655.4285714285714,0.3813121087256922
2020-10-06,35774,598,7482945,214443,66.2,61.9,43466.142857142855,669.1428571428571,0.368711673144668
2020-10-07,41602,508,7524547,214951,66.2,61.9,43923.28571428572,684.5714285714286,0.37485534741608184
2020-10-08,41654,635,7566201,215586,66.2,61.9,44319.42857142857,661.7142857142857,0.37491016400189403
2020-10-09,52594,782,7618795,216368,66.2,61.9,45272.857142857145,675.4285714285714,0.386442730324692
2020-10-10,56104,735,7674899,217103,66.2,61.9,46627.142857142855,675.7142857142857,0.3901428498670157
2020-10-11,58794,792,7733693,217895,66.2,61.9,47749.857142857145,659.2857142857143,0.3929785540176854
2020-10-12,54216,681,7787909,218576,66.2,61.9,48676.857142857145,675.8571428571429,0.388152586135988
2020-10-13,44423,573,7832332,219149,66.2,61.9,49912.42857142857,672.2857142857143,0.3778291471963938
2020-10-14,49144,497,7881476,219646,66.2,61.9,50989.857142857145,670.7142857142857,0.38280586068907474
2020-10-15,50497,652,7931973,220298,66.2,61.9,52253.142857142855,673.1428571428571,0.38423214608530376
2020-10-16,57229,821,7989202,221119,66.2,61.9,52915.28571428572,678.7142857142857,0.39132878561776047
2020-10-17,63046,697,8052248,221816,66.2,61.9,53907.0,673.2857142857143,0.39746086407294473
2020-10-18,69079,880,8121327,222696,66.2,61.9,55376.28571428572,685.8571428571429,0.403820642192272
2020-10-19,54548,693,8175875,223389,66.2,61.9,55423.71428571428,687.5714285714286,0.3885025689530967
2020-10-20,48887,733,8224762,224122,66.2,61.9,56061.42857142857,710.4285714285714,0.38253494025534907
2020-10-21,61362,612,8286124,224734,66.2,61.9,57806.857142857145,726.8571428571429,0.3956856500247188
2020-10-22,58741,791,8344865,225525,66.2,61.9,58984.57142857143,746.7142857142857,0.39292268326676144
2020-10-23,68657,1059,8413522,226584,66.2,61.9,60617.142857142855,780.7142857142857,0.40337578451510375
2020-10-24,74903,916,8488425,227500,66.2,61.9,62311.0,812.0,0.4099600998032387
2020-10-25,82340,919,8570765,228419,66.2,61.9,64205.42857142857,817.5714285714286,0.4177999257394954
2020-10-26,76181,836,8646946,229255,66.2,61.9,67295.85714285714,838.0,0.41130732281608473
2020-10-27,65610,601,8712556,229856,66.2,61.9,69684.85714285714,819.1428571428571,0.40016374341953104
2020-10-28,69584,682,8782140,230538,66.2,61.9,70859.42857142857,829.1428571428571,0.40435299557371746
2020-10-29,74961,896,8857101,231434,66.2,61.9,73176.57142857143,844.1428571428571,0.41002124137972157
2020-10-30,84410,1063,8941511,232497,66.2,61.9,75427.0,844.7142857142857,0.4199820475208658
2020-10-31,91130,1110,9032641,233607,66.2,61.9,77745.14285714286,872.4285714285714,0.4270660370719812
2020-11-01,97518,908,9130159,234515,66.2,61.9,79913.42857142857,870.8571428571429,0.43380004380598797
2020-11-02,92783,942,9222942,235457,66.2,61.9,82285.14285714286,886.0,0.4288085720017422
2020-11-03,141582,708,9364524,236165,66.2,61.9,93138.28571428571,901.2857142857143,0.480250775291159
2020-11-04,87188,738,9451712,236903,66.2,61.9,95653.14285714286,909.2857142857143,0.4229105182013716
2020-11-05,98499,1031,9550211,237934,66.2,61.9,99015.71428571429,928.5714285714286,0.43483417978063743
2020-11-06,113875,1298,9664086,239232,66.2,61.9,103225.0,962.1428571428571,0.451043022539261
2020-11-07,122830,1227,9786916,240459,66.2,61.9,107753.57142857143,978.8571428571429,0.4604830711151894
2020-11-08,133337,1260,9920253,241719,66.2,61.9,112870.57142857143,1029.142857142857,0.4715591839445896
2020-11-09,129810,1095,10050063,242814,68.98,63.69,118160.14285714286,1051.0,0.48174118517556597
2020-11-10,111648,882,10161711,243696,68.98,63.69,113883.85714285714,1075.857142857143,0.46259543841554246
2020-11-11,124487,930,10286198,244626,68.98,63.69,119212.28571428571,1103.2857142857142,0.4761298642855976
2020-11-12,145951,1674,10432149,246300,68.98,63.69,125991.14285714286,1195.142857142857,0.498756464244696
2020-11-13,153660,1518,10585809,247818,68.98,63.69,131674.7142857143,1226.5714285714287,0.506883023091355
2020-11-14,162300,1347,10748109,249165,68.98,63.69,137313.2857142857,1243.7142857142858,0.5159910096570749
2020-11-15,176989,1271,10925098,250436,68.98,63.69,143549.2857142857,1245.2857142857142,0.5314756409839103
2020-11-16,164239,1472,11089337,251908,75.46,67.86,148467.7142857143,1299.142857142857,0.550435018022777
2020-11-17,137564,1027,11226901,252935,75.46,67.86,152170.0,1319.857142857143,0.5223151636662288
2020-11-18,153374,1018,11380275,253953,75.46,67.86,156296.7142857143,1332.4285714285713,0.5389815140833619
2020-11-19,167352,1591,11547627,255544,75.46,67.86,159354.0,1320.5714285714287,0.5537166340157267
2020-11-20,170904,1833,11718531,257377,75.46,67.86,161817.42857142858,1365.5714285714287,0.5574610284927448
2020-11-21,188681,1920,11907212,259297,75.46,67.86,165586.14285714287,1447.4285714285713,0.5762009216847357
2020-11-22,193369,1959,12100581,261256,75.46,67.86,167926.14285714287,1545.7142857142858,0.5811428477287282
2020-11-23,173861,1724,12274442,262980,75.46,67.86,169300.7142857143,1581.7142857142858,0.560578194728258
2020-11-24,149783,1303,12424225,264283,75.46,67.86,171046.2857142857,1621.142857142857,0.5351960071669847
2020-11-25,160411,1413,12584636,265696,75.46,67.86,172051.57142857142,1677.5714285714287,0.5463996739749094
2020-11-26,175183,1889,12759819,267585,75.46,67.86,173170.2857142857,1720.142857142857,0.5619718010060221
2020-11-27,194100,2289,12953919,269874,75.46,67.86,176484.0,1785.2857142857142,0.5819134424254343
2020-11-28,145029,1674,13098948,271548,75.46,67.86,170248.0,1750.142857142857,0.5301845062256152
2020-11-29,164034,1658,13262982,273206,75.46,67.86,166057.2857142857,1707.142857142857,0.5502189141748635
2020-11-30,144575,1506,13407557,274712,75.46,67.86,161873.57142857142,1676.0,0.5297059152648702
2020-12-01,141072,1281,13548629,275993,75.46,67.86,160629.14285714287,1672.857142857143,0.526013174878329
2020-12-02,151905,1546,13700534,277539,71.76,65.48,159414.0,1691.857142857143,0.518932975098071
2020-12-03,192718,2379,13893252,279918,71.76,65.48,161919.0,1761.857142857143,0.5619566158048677
2020-12-04,210074,2756,14103326,282674,71.76,65.48,164201.0,1828.5714285714287,0.580252705484802
2020-12-05,216782,2740,14320108,285414,71.76,65.48,174451.42857142858,1980.857142857143,0.5873240450545761
2020-12-06,223806,2593,14543914,288007,71.76,65.48,182990.2857142857,2114.4285714285716,0.5947285007996705
2020-12-07,205575,2376,14749489,290383,71.76,65.48,191704.57142857142,2238.714285714286,0.5755100166469347
2020-12-08,176909,1588,14926398,291971,71.76,65.48,196824.14285714287,2282.5714285714284,0.5452913195528463
2020-12-09,183091,1973,15109489,293944,71.76,65.48,201279.2857142857,2343.5714285714284,0.5518081682738277
2020-12-10,226982,2561,15336471,296505,71.76,65.48,206174.14285714287,2369.5714285714284,0.598076529194662
2020-12-11,221251,3323,15557722,299828,71.76,65.48,207770.85714285713,2450.5714285714284,0.5920351089390903
2020-12-12,208835,2705,15766557,302533,71.76,65.48,206635.57142857142,2445.5714285714284,0.5789465949113152
2020-12-13,245839,3188,16012396,305721,71.76,65.48,209783.14285714287,2530.5714285714284,0.6179549207073679
2020-12-14,217153,2440,16229549,308161,71.76,66.9,211437.14285714287,2539.714285714286,0.587715140311044
2020-12-15,181275,2037,16410824,310198,71.76,69.29,212060.85714285713,2603.8571428571427,0.5498938044308478
2020-12-16,198204,1955,16609028,312153,71.76,69.29,214219.85714285713,2601.285714285714,0.5677397656080551
2020-12-17,198650,2758,16807678,314911,71.76,69.29,210172.42857142858,2629.4285714285716,0.5682099232479059
2020-12-18,240266,3389,17047944,318300,71.76,69.29,212888.85714285713,2638.8571428571427,0.6120800585394564
2020-12-19,246505,3338,17294449,321638,71.76,69.29,218270.2857142857,2729.285714285714,0.6186569946718088
2020-12-20,235875,2949,17530324,324587,71.76,69.29,216846.85714285713,2695.1428571428573,0.6074512195336605
2020-12-21,202289,2727,17732613,327314,71.76,69.29,214723.42857142858,2736.1428571428573,0.5720460300896483
2020-12-22,186429,2090,17919042,329404,71.76,69.29,215459.7142857143,2743.714285714286,0.5553269714169264
2020-12-23,183553,2129,18102595,331533,71.76,69.29,213366.7142857143,2768.5714285714284,0.5522951925554669
2020-12-24,197759,2891,18300354,334424,71.76,69.29,213239.42857142858,2787.5714285714284,0.567270662133316
2020-12-25,226200,3238,18526554,337662,71.76,69.29,211230.0,2766.0,0.5972521720772554
2020-12-26,202550,3021,18729104,340683,71.76,69.29,204950.7142857143,2720.714285714286,0.5723211671838211
2020-12-27,161342,2237,18890446,342920,71.76,69.29,194303.14285714287,2619.0,0.5288811312578741
2020-12-28,147119,1650,19037565,344570,71.76,69.29,186421.7142857143,2465.1428571428573,0.5138877408731248
2020-12-29,154342,1903,19191907,346473,71.76,69.29,181837.85714285713,2438.4285714285716,0.5215019754754622
2020-12-30,176774,2180,19368681,348653,71.76,69.29,180869.42857142858,2445.714285714286,0.545149007262757
2020-12-31,208904,3351,19577585,352004,71.76,69.29,182461.57142857142,2511.4285714285716,0.5790193323040275
2021-01-01,235818,3763,19813403,355767,71.76,69.29,183835.57142857142,2586.4285714285716,0.6073911321222893
2021-01-02,229492,3754,20042895,359521,71.76,69.29,187684.42857142858,2691.1428571428573,0.6007224836252126
2021-01-03,228546,3049,20271441,362570,71.76,69.29,197285.0,2807.1428571428573,0.5997252434294752
2021-01-04,225318,2384,20496759,364954,71.76,69.29,208456.2857142857,2912.0,0.5963223984486716
2021-01-05,205458,2044,20702217,366998,71.76,69.29,215758.57142857142,2932.1428571428573,0.5753866793288573
2021-01-06,174314,2029,20876531,369027,71.76,69.29,215407.14285714287,2910.5714285714284,0.542555761087795
2021-01-07,242441,3496,21118972,372523,71.76,69.29,220198.14285714287,2931.285714285714,0.6143728676575628
2021-01-08,257750,3855,21376722,376378,71.76,69.29,223331.2857142857,2944.4285714285716,0.6305110813536976
2021-01-09,269765,3978,21646487,380356,71.76,69.29,229084.57142857142,2976.4285714285716,0.6431768751716518
2021-01-10,292105,3711,21938592,384067,71.76,69.29,238164.42857142858,3071.0,0.6667269237686634
2021-01-11,256294,3411,22194886,387478,71.76,69.29,242589.57142857142,3217.714285714286,0.628976216950956
2021-01-12,224484,2555,22419370,390033,71.76,69.29,245307.57142857142,3290.714285714286,0.5954432247454529
2021-01-13,204122,2534,22623492,392567,71.76,69.29,249565.85714285713,3362.8571428571427,0.5739783147395283
2021-01-14,217776,3600,22841268,396167,71.76,69.29,246042.2857142857,3377.714285714286,0.5883718851756786
2021-01-15,226378,4066,23067646,400233,71.76,69.29,241560.57142857142,3407.8571428571427,0.597439813467151
2021-01-16,223583,3762,23291229,403995,71.76,69.29,234963.14285714287,3377.0,0.5944934219797452
2021-01-17,237318,3384,23528547,407379,71.76,69.29,227136.42857142858,3330.285714285714,0.6089723797899491
2021-01-18,209511,3549,23738058,410928,71.76,69.29,220453.14285714287,3350.0,0.5796592105268737
2021-01-19,186583,2600,23924641,413528,71.76,69.29,215038.7142857143,3356.4285714285716,0.5554893128441395
2021-01-20,154205,2250,24078846,415778,71.76,69.29,207907.7142857143,3315.8571428571427,0.5213575548551492
2021-01-21,150233,2738,24229079,418516,71.76,69.29,198258.7142857143,3192.714285714286,0.5171704110311863
2021-01-22,188266,3826,24417345,422342,71.76,69.29,192814.14285714287,3158.4285714285716,0.5572634727272536
2021-01-23,187644,3853,24604989,426195,71.76,69.29,187680.0,3171.4285714285716,0.5566077820277309
2021-01-24,189419,3679,24794408,429874,71.76,69.29,180837.2857142857,3213.5714285714284,0.5584789251011281
2021-01-25,165512,3073,24959920,432947,71.76,69.29,174551.7142857143,3145.5714285714284,0.5332769997739679
2021-01-26,141554,2477,25101474,435424,71.76,69.29,168119.0,3128.0,0.5080213120261075
2021-01-27,135591,2037,25237065,437461,71.76,69.29,165459.85714285713,3097.5714285714284,0.5017353254646042
2021-01-28,145943,3576,25383008,441037,71.76,69.29,164847.0,3217.285714285714,0.5126480427016796
2021-01-29,158965,3950,25541973,444987,71.76,69.29,160661.14285714287,3235.0,0.5263753807871893
2021-01-30,156822,3870,25698795,448857,71.76,69.29,156258.0,3237.4285714285716,0.5241163049526595
2021-01-31,164238,3266,25863033,452123,71.76,69.29,152660.7142857143,3178.4285714285716,0.531933993421569
2021-02-01,138823,2827,26001856,454950,71.76,69.29,148848.0,3143.285714285714,0.505142387105855
2021-02-02,111938,2291,26113794,457241,71.76,69.29,144617.14285714287,3116.714285714286,0.47680115807583445
2021-02-03,129043,2229,26242837,459470,68.06,66.9,143681.7142857143,3144.1428571428573,0.4763326222719728
2021-02-04,121330,2947,26364167,462417,68.06,66.9,140165.57142857142,3054.285714285714,0.4682018467648667
2021-02-05,108669,3280,26472836,465697,68.06,66.9,132980.42857142858,2958.5714285714284,0.4548550622847071
2021-02-06,122620,3127,26595456,468824,68.06,66.9,128094.42857142857,2852.4285714285716,0.46956171975905403
2021-02-07,124827,3399,26720283,472223,68.06,66.9,122464.28571428571,2871.4285714285716,0.4718882621607373
2021-02-08,110180,2803,26830463,475026,68.06,66.9,118372.42857142857,2868.0,0.45644790576859634
2021-02-09,92931,1771,26923394,476797,68.06,66.9,115657.14285714286,2793.714285714286,0.4382646117556217
2021-02-10,80726,1668,27004120,478465,68.06,66.9,108754.71428571429,2713.5714285714284,0.4253985265664307
2021-02-11,91417,2470,27095537,480935,68.06,66.9,104481.42857142857,2645.4285714285716,0.43666860577639716
2021-02-12,98339,2813,27193876,483748,68.06,66.9,103005.71428571429,2578.714285714286,0.44396553668009076
2021-02-13,99548,3252,27293424,487000,68.06,66.9,99709.71428571429,2596.5714285714284,0.44524002230022447
2021-02-14,97431,5061,27390855,492061,68.06,66.9,95796.0,2834.0,0.44300835475860073
2021-02-15,85221,3316,27476076,495377,68.06,66.9,92230.42857142857,2907.285714285714,0.43013699874385086
2021-02-16,67413,1572,27543489,496949,68.06,66.9,88585.0,2878.8571428571427,0.411364426433395
2021-02-17,58066,1387,27601555,498336,68.06,66.9,85347.85714285714,2838.714285714286,0.4015111451336516
2021-02-18,56871,1407,27658426,499743,68.06,66.9,80412.71428571429,2686.8571428571427,0.4002514178250827
2021-02-19,63770,2181,27722196,501924,68.06,66.9,75474.28571428571,2596.5714285714284,0.40752410293120556
2021-02-20,68568,2247,27790764,504171,68.06,66.9,71048.57142857143,2453.0,0.412581987137493
2021-02-21,73576,2322,27864340,506493,68.06,66.9,67640.71428571429,2061.714285714286,0.41786124601725283
2021-02-22,65510,1839,27929850,508332,68.06,66.9,64824.857142857145,1850.7142857142858,0.4093583502256908
2021-02-23,56628,1525,27986478,509857,68.06,66.9,63284.142857142855,1844.0,0.3999952557029218
2021-02-24,55821,1487,28042299,511344,68.06,66.9,62963.42857142857,1858.2857142857142,0.39914454445772096
2021-02-25,70162,1718,28112461,513062,68.06,66.9,64862.142857142855,1902.7142857142858,0.41426232632565935
2021-02-26,72358,1975,28184819,515037,68.06,66.9,66089.0,1873.2857142857142,0.41657727291111313
2021-02-27,71998,2850,28256817,517887,68.06,68.33,66579.0,1959.4285714285713,0.41619777347087483
2021-02-28,73274,1966,28330091,519853,68.06,68.33,66535.85714285714,1908.5714285714287,0.4175428881534973
2021-03-01,68298,1634,28398389,521487,68.06,68.33,66934.14285714286,1879.2857142857142,0.41229736255731425
2021-03-02,52570,1026,28450959,522513,68.06,68.33,66354.42857142857,1808.0,0.3957174536793465
2021-03-03,51114,1323,28502073,523836,68.06,68.33,65682.0,1784.5714285714287,0.3941825892766048
2021-03-04,53761,1128,28555834,524964,64.35,65.95,63339.0,1700.2857142857142,0.3784229557920832
2021-03-05,66043,1896,28621877,526860,64.35,65.95,62436.857142857145,1689.0,0.39137021169488073
2021-03-06,64859,1515,28686736,528375,64.35,65.95,61417.0,1498.2857142857142,0.39012208020254135
2021-03-07,64094,1924,28750830,530299,64.35,65.95,60105.57142857143,1492.2857142857142,0.3893156438920349
2021-03-08,57710,1277,28808540,531576,64.35,65.95,58593.0,1441.2857142857142,0.38258585381847526
2021-03-09,43758,895,28852298,532471,64.35,65.95,57334.142857142855,1422.5714285714287,0.3678781421790166
2021-03-10,42703,802,28895001,533273,64.35,64.76,56132.57142857143,1348.142857142857,0.36676599798609594
2021-03-11,54088,1201,28949089,534474,64.35,64.76,56179.28571428572,1358.5714285714287,0.37876766778363297
2021-03-12,61755,1576,29010844,536050,64.35,64.76,55566.71428571428,1312.857142857143,0.38684995169559755
2021-03-13,59764,1317,29070608,537367,64.35,64.76,54838.857142857145,1284.5714285714287,0.38475110895805725
2021-03-14,64222,1491,29134830,538858,64.35,64.76,54857.142857142855,1222.7142857142858,0.38945057702634184
2021-03-15,52274,958,29187104,539816,64.35,64.76,54080.57142857143,1177.142857142857,0.37685541227087654
2021-03-16,47230,651,29234334,540467,64.35,64.76,54576.57142857143,1142.2857142857142,0.3715382034470929
2021-03-17,43532,693,29277866,541160,64.35,64.76,54695.0,1126.7142857142858,0.36763990086375586
2021-03-18,51806,853,29329672,542013,64.35,64.76,54369.0,1077.0,0.3763620629985667
2021-03-19,59588,1075,29389260,543088,64.35,64.76,54059.42857142857,1005.4285714285714,0.3845655758983852
2021-03-20,63099,956,29452359,544044,64.35,64.76,54535.857142857145,953.8571428571429,0.38826674960582064
2021-03-21,62022,1078,29514381,545122,64.35,64.76,54221.57142857143,894.8571428571429,0.38713141378044097
2021-03-22,58456,718,29572837,545840,64.35,64.76,55104.71428571428,860.5714285714286,0.383372260991858
2021-03-23,45228,553,29618065,546393,58.8,61.19,54818.71428571428,846.5714285714286,0.3416777794368564
2021-03-24,48228,938,29666293,547331,58.8,61.19,55489.57142857143,881.5714285714286,0.34484027477217577
2021-03-25,57684,753,29723977,548084,58.8,61.19,56329.28571428572,867.2857142857143,0.3548084600691025
2021-03-26,68021,1126,29791998,549210,58.8,61.19,57534.0,874.5714285714286,0.3657053648295013
2021-03-27,65367,981,29857365,550191,58.8,61.19,57858.0,878.1428571428571,0.36290761062285537
2021-03-28,74834,1042,29932199,551233,58.8,61.19,59688.28571428572,873.0,0.3728873917360116
2021-03-29,63203,851,29995402,552084,56.02,59.4,60366.42857142857,892.0,0.34672638554310053
2021-03-30,53256,618,30048658,552702,56.02,60.83,61513.28571428572,901.2857142857143,0.3362406051762933
2021-03-31,58014,548,30106672,553250,56.02,60.83,62911.28571428572,845.5714285714286,0.3412563227781098
2021-04-01,61789,729,30168461,553979,56.02,60.83,63497.71428571428,842.1428571428571,0.34523579607505334
2021-04-02,69567,948,30238028,554927,54.87,60.09,63718.57142857143,816.7142857142857,0.34768509183758756
2021-04-03,73685,816,30311713,555743,54.85,60.08,64906.857142857145,793.1428571428571,0.3519261569762586
2021-04-04,70446,842,30382159,556585,54.84,60.07,64280.0,764.5714285714286,0.3484617078822589
2021-04-05,63695,708,30445854,557293,54.81,60.05,64350.28571428572,744.1428571428571,0.34119504412410123
2021-04-06,45722,532,30491576,557825,54.78,60.03,63274.0,731.8571428571429,0.32209853948162553
2021-04-07,56400,362,30547976,558187,54.74,60.01,63043.42857142857,705.2857142857143,0.33315491115959517
2021-04-08,63657,749,30611633,558936,54.7,59.98,63310.28571428572,708.1428571428571,0.3406049839901889
2021-04-09,74627,821,30686260,559757,54.66,59.95,64033.142857142855,690.0,0.3519691718807963
2021-04-10,75434,867,30761694,560624,54.63,59.94,64283.0,697.2857142857143,0.35266988803741994
2021-04-11,76415,864,30838109,561488,54.61,59.93,65135.71428571428,700.4285714285714,0.3536040372204587
2021-04-12,68111,740,30906220,562228,54.58,59.91,65766.57142857143,705.0,0.3447002550437174
2021-04-13,53239,468,30959459,562696,54.56,59.89,66840.42857142857,695.8571428571429,0.3289226949074943
2021-04-14,60435,533,31019894,563229,54.52,59.87,67416.85714285714,720.2857142857143,0.3363084636662699
2021-04-15,72206,751,31092100,563980,54.49,59.85,68638.14285714286,720.5714285714286,0.3485670461083741
2021-04-16,70654,782,31162754,564762,54.46,59.83,68070.57142857143,715.0,0.34678098676632496
2021-04-17,71498,794,31234252,565556,54.44,59.81,67508.28571428571,704.5714285714286,0.3475706855267284
2021-04-18,71074,807,31305326,566363,54.43,59.81,66745.28571428571,696.4285714285714,0.3470737410246924
2021-04-19,77212,627,31382538,566990,54.4,62.65,68045.42857142857,680.2857142857143,0.3533942113921786
2021-04-20,49337,499,31431875,567489,54.37,62.63,67488.0,684.7142857142857,0.323859334010603
2021-04-21,35281,463,31467156,567952,54.34,62.61,63894.57142857143,674.7142857142857,0.30889199411094265
2021-04-22,57318,746,31524474,568698,54.3,62.59,61767.71428571428,674.0,0.3319226272935432
2021-04-23,63049,767,31587523,569465,54.27,62.57,60681.28571428572,671.8571428571429,0.33781405246053775
2021-04-24,61479,784,31649002,570249,54.25,62.56,59250.0,670.4285714285714,0.3360590264434432
2021-04-25,62419,835,31711421,571084,54.24,62.55,58013.57142857143,674.4285714285714,0.33699993335154343
2021-04-26,51698,654,31763119,571738,54.22,62.53,54368.71428571428,678.2857142857143,0.325598242396613
2021-04-27,40847,435,31803966,572173,54.19,62.52,53155.857142857145,669.1428571428571,0.31400947187786316
2021-04-28,30199,467,31834165,572640,54.16,62.49,52429.857142857145,669.7142857142857,0.3026347266791256
2021-04-29,50313,546,31884478,573186,54.12,62.47,51429.142857142855,641.1428571428571,0.3236382003517865
2021-04-30,54396,832,31938874,574018,54.09,62.45,50193.0,650.4285714285714,0.3277923614145789
2021-05-01,55643,753,31994517,574771,54.07,62.44,49359.28571428572,646.0,0.32900691851734926
2021-05-02,55311,806,32049828,575577,54.06,62.43,48343.857142857145,641.8571428571429,0.328606927403274
2021-05-03,48352,616,32098180,576193,54.04,62.42,47865.857142857145,636.4285714285714,0.3211710055988341
2021-05-04,36593,500,32134773,576693,54.01,62.4,47258.142857142855,645.7142857142857,0.30862505315859423
2021-05-05,32953,470,32167726,577163,53.98,62.38,47651.57142857143,646.1428571428571,0.3046378970631628
2021-05-06,42552,674,32210278,577837,53.95,62.36,46542.857142857145,664.4285714285714,0.3146068328824958
2021-05-07,44541,714,32254819,578551,53.92,62.34,45135.0,647.5714285714286,0.31655357220123526
2021-05-08,42692,671,32297511,579222,53.9,62.33,43284.857142857145,635.8571428571429,0.31450443411795603
2021-05-09,44641,806,32342152,580028,55.74,63.51,41760.57142857143,635.8571428571429,0.3257589788418834
2021-05-10,37021,609,32379173,580637,55.72,63.5,40141.857142857145,634.8571428571429,0.3176262538985615
2021-05-11,27538,408,32406711,581045,60.65,66.67,38848.28571428572,621.7142857142857,0.3322796136299603
2021-05-12,24383,395,32431094,581440,60.65,66.67,37624.0,611.0,0.32895372270231604
2021-05-13,33073,598,32464167,582038,60.65,66.67,36269.857142857145,600.1428571428571,0.33811441752362453
2021-05-14,35784,679,32499951,582717,60.65,66.67,35018.857142857145,595.1428571428571,0.3409722591416415
2021-05-15,40435,583,32540386,583300,60.65,66.67,34696.42857142857,582.5714285714286,0.3458751810764983
2021-05-16,35116,701,32575502,584001,60.65,64.88,33335.71428571428,567.5714285714286,0.340268076846977
2021-05-17,29837,442,32605339,584443,60.65,64.88,32309.428571428572,543.7142857142857,0.3347031392219267
2021-05-18,21375,437,32626714,584880,60.65,64.88,31429.0,547.8571428571429,0.3257827940461025
2021-05-19,19453,362,32646167,585242,60.65,64.88,30724.714285714286,543.1428571428571,0.32375668870127455
2021-05-20,27639,610,32673806,585852,60.65,64.88,29948.428571428572,544.8571428571429,0.3323860843062494
2021-05-21,27491,583,32701297,586435,60.65,64.88,28763.714285714286,531.1428571428571,0.33223006786970694
2021-05-22,27948,541,32729245,586976,60.65,64.88,26979.85714285714,525.1428571428571,0.33271182132578725
2021-05-23,27866,649,32757111,587625,56.02,61.9,25944.14285714286,517.7142857142857,0.3094753529883736
2021-05-24,22224,409,32779335,588034,56.02,61.9,24856.571428571428,513.0,0.30352775342774957
2021-05-25,16030,287,32795365,588321,56.02,61.9,24093.0,491.57142857142856,0.29699825472542685
2021-05-26,14761,555,32810126,588876,56.02,61.9,23422.714285714286,519.1428571428571,0.2956605191985867
2021-05-27,24571,518,32834697,589394,56.02,61.9,22984.428571428572,506.0,0.30600187894508113
2021-05-28,23475,517,32858172,589911,56.02,61.9,22410.714285714286,496.57142857142856,0.3048465139825778
2021-05-29,21970,545,32880142,590456,56.02,61.9,21556.714285714286,497.14285714285717,0.3032599954893592
2021-05-30,24780,703,32904922,591159,56.02,61.9,21115.85714285714,504.85714285714283,0.3062221994534417
2021-05-31,15628,301,32920550,591460,56.02,61.9,20173.571428571428,489.42857142857144,0.29657448035049405
2021-06-01,12350,254,32932900,591714,56.02,61.9,19647.85714285714,484.7142857142857,0.2931189271141017
2021-06-02,9408,232,32942308,591946,56.02,61.9,18883.14285714286,438.57142857142856,0.2900175733552652
2021-06-03,8935,332,32951243,592278,56.02,61.9,16649.428571428572,412.0,0.2895189532573965
2021-06-04,16048,492,32967291,592770,56.02,61.9,15588.42857142857,408.42857142857144,0.29701722969743877
2021-06-05,18151,478,32985442,593248,56.02,61.9,15042.857142857143,398.85714285714283,0.2992341389274976
2021-06-06,18592,586,33004034,593834,56.02,61.9,14158.857142857143,382.14285714285717,0.2996990257417896
2021-06-07,14734,394,33018768,594228,56.02,61.9,14031.142857142857,395.42857142857144,0.29563205674056886
2021-06-08,11084,423,33029852,594651,56.02,61.9,13850.285714285714,419.57142857142856,0.29178435408259695
2021-06-09,9898,322,33039750,594973,56.02,61.9,13920.285714285714,432.42857142857144,0.290534114260034
2021-06-10,14314,313,33054064,595286,50.65,58.46,14688.714285714286,429.7142857142857,0.2683393222709435
2021-06-11,19640,387,33073704,595673,50.64,58.45,15201.857142857143,414.7142857142857,0.2739037973592806
2021-06-12,15924,382,33089628,596055,50.63,58.44,14883.714285714286,401.0,0.2699365413092875
2021-06-13,13971,403,33103599,596458,50.62,58.44,14223.57142857143,374.85714285714283,0.267827748549028
2021-06-14,12350,208,33115949,596666,58.94,63.78,13883.0,348.2857142857143,0.3077189358402217
2021-06-15,8721,152,33124670,596818,58.93,63.78,13545.42857142857,309.57142857142856,0.3038433623526305
2021-06-16,8275,199,33132945,597017,58.92,63.77,13313.57142857143,292.0,0.3033231964158131
2021-06-17,12616,316,33145561,597333,58.91,63.76,13071.0,292.42857142857144,0.3078493486713761
2021-06-18,13220,336,33158781,597669,58.9,63.76,12153.857142857143,285.14285714285717,0.30843605610192054
2021-06-19,13484,279,33172265,597948,58.89,63.75,11805.285714285714,270.42857142857144,0.3086643473944621
2021-06-20,11961,272,33184226,598220,58.89,63.75,11518.142857142857,251.71428571428572,0.3070588539292316
2021-06-21,12350,251,33196576,598471,58.89,63.75,11518.142857142857,257.85714285714283,0.3074689241577113
2021-06-22,9047,223,33205623,598694,58.88,63.74,11564.714285714286,268.0,0.3039370382988805
2021-06-23,8568,266,33214191,598960,58.87,63.74,11606.57142857143,277.57142857142856,0.30338208491337465
2021-06-24,13288,308,33227479,599268,58.86,63.73,11702.57142857143,276.42857142857144,0.30830773594397726
2021-06-25,13841,326,33241320,599594,58.86,63.73,11791.285714285714,275.0,0.30889068925078783
2021-06-26,15572,315,33256892,599909,58.85,63.73,12089.57142857143,280.14285714285717,0.3106654407623005
2021-06-27,14971,412,33271863,600321,58.85,63.72,12519.57142857143,300.14285714285717,0.3100318875301249
2021-06-28,13294,242,33285157,600563,58.84,63.72,12654.42857142857,298.85714285714283,0.3082140741430372
2021-06-29,10676,173,33295833,600736,58.84,63.72,12887.142857142857,291.7142857142857,0.30545426988041513
2021-06-30,10438,183,33306271,600919,58.83,63.71,13154.285714285714,279.85714285714283,0.3051533702868466
2021-07-01,15514,282,33321785,601201,58.83,63.71,13472.285714285714,276.14285714285717,0.310504312394207
2021-07-02,11639,244,33333424,601445,58.82,63.71,13157.714285714286,264.42857142857144,0.30636941428911957
2021-07-03,18586,289,33352010,601734,58.82,63.7,13588.285714285714,260.7142857142857,0.31369269932060745
2021-07-04,16890,304,33368900,602038,58.82,63.7,13862.42857142857,245.28571428571428,0.31190483529104024
2021-07-05,13189,152,33382089,602190,58.81,63.7,13847.42857142857,232.42857142857142,0.30795339171772373
2021-07-06,10459,125,33392548,602315,58.81,63.7,13816.42857142857,225.57142857142858,0.3050755209625831
2021-07-07,9147,103,33401695,602418,58.8,63.69,13632.0,214.14285714285714,0.3036424480389702
2021-07-08,19962,301,33421657,602719,46.76,55.96,14267.42857142857,216.85714285714286,0.25484323795306696
2021-07-09,22636,250,33444293,602969,46.76,55.95,15838.42857142857,217.71428571428572,0.2576620754619483
2021-07-10,183538,262,33627831,603231,46.75,55.95,39403.0,213.85714285714286,0.4272293568806626
2021-07-11,27579,316,33655410,603547,46.75,55.95,40930.0,215.57142857142858,0.2628228202136375
2021-07-12,20875,149,33676285,603696,46.75,55.95,42028.0,215.14285714285714,0.25575569730431047
2021-07-13,16722,119,33693007,603815,46.74,55.94,42922.71428571428,214.28571428571428,0.2513277561993113
2021-07-14,28892,295,33721899,604110,46.74,55.94,45743.42857142857,241.71428571428572,0.26415694560959024
2021-07-15,34978,337,33756877,604447,46.73,55.94,47888.57142857143,246.85714285714286,0.27052258618287495
2021-07-16,38299,342,33795176,604789,46.73,55.93,50126.142857142855,260.0,0.2740234685190735
2021-07-17,40555,319,33835731,605108,46.72,55.93,29700.0,268.14285714285717,0.27635167161542834
2021-07-18,42258,370,33877989,605478,46.72,55.93,31797.0,275.85714285714283,0.27814691480077797
2021-07-19,32139,183,33910128,605661,46.72,55.93,33406.142857142855,280.7142857142857,0.2674798180347457
2021-07-20,27993,146,33938121,605807,46.71,55.93,35016.28571428572,284.57142857142856,0.26305924118436774
2021-07-21,45195,284,33983316,606091,46.71,55.92,37345.28571428572,283.0,0.2811929894370891
2021-07-22,51040,320,34034356,606411,46.7,55.92,39639.857142857145,280.57142857142856,0.28730459111959766
2021-07-23,61313,399,34095669,606810,46.7,55.92,42927.57142857143,288.7142857142857,0.298134029312843
2021-07-24,71708,338,34167377,607148,46.7,55.91,47378.0,291.42857142857144,0.30909207564972463
2021-07-25,69639,414,34237016,607562,46.7,55.91,51289.57142857143,297.7142857142857,0.30691100803346605
2021-07-26,53795,254,34290811,607816,46.69,54.99,54383.28571428572,307.85714285714283,0.29015880770556607
2021-07-27,43206,249,34334017,608065,46.69,54.99,56556.57142857143,322.57142857142856,0.2789962533370004
2021-07-28,71245,411,34405262,608476,46.68,54.99,60278.0,340.7142857142857,0.3085039955102018
2021-07-29,85805,499,34491067,608975,46.68,54.98,65244.42857142857,366.2857142857143,0.3238526395376185
2021-07-30,89149,494,34580216,609469,46.67,54.98,69221.0,379.85714285714283,0.32732775937442127
2021-07-31,99367,495,34679583,609964,46.67,54.97,73172.28571428571,402.2857142857143,0.3380992184865191
2021-08-01,104519,525,34784102,610489,46.67,54.97,78155.14285714286,418.14285714285717,0.3435302771423743
2021-08-02,80567,395,34864669,610884,46.67,54.97,81979.71428571429,438.2857142857143,0.3182809143851843
2021-08-03,61188,370,34925857,611254,46.66,54.96,84548.57142857143,455.57142857142856,0.29780225528832754
2021-08-04,102409,656,35028266,611910,46.66,54.96,89000.57142857143,490.57142857142856,0.3412559953607276
2021-08-05,110283,700,35138549,612610,46.65,54.96,92497.42857142857,519.2857142857143,0.3495064980550238
2021-08-06,126833,741,35265382,613351,46.65,54.95,97880.85714285714,554.5714285714286,0.3669529306548691
2021-08-07,127854,753,35393236,614104,46.64,54.95,101950.42857142857,591.4285714285714,0.3679792249370229
2021-08-08,133922,838,35527158,614942,46.64,54.95,106150.85714285714,636.1428571428571,0.37437589883526223
2021-08-09,120252,648,35647410,615590,46.64,54.94,111820.14285714286,672.2857142857143,0.3599654617573236
2021-08-10,96790,527,35744200,616117,49.41,56.72,116906.14285714286,694.7142857142857,0.34908264338581374
2021-08-11,93050,720,35837250,616837,49.4,56.72,115569.14285714286,703.8571428571429,0.34509007247197687
2021-08-12,135427,961,35972677,617798,49.4,56.71,119161.14285714286,741.1428571428571,0.3897624274135867
2021-08-13,143479,612,36116156,618410,52.03,58.4,121539.14285714286,722.7142857142857,0.4114005416239306
2021-08-14,151161,973,36267317,619383,52.02,58.4,124868.71428571429,754.1428571428571,0.41944865951792754
2021-08-15,146305,1196,36413622,620579,52.01,58.39,126637.71428571429,805.2857142857143,0.41427962543819075
2021-08-16,139848,904,36553470,621483,53.75,59.5,129437.14285714286,841.8571428571429,0.4161728944721772
2021-08-17,110712,679,36664182,622162,53.73,59.49,131426.0,863.5714285714286,0.38535872318162223
2021-08-18,108955,845,36773137,623007,53.71,59.48,133698.14285714287,881.4285714285714,0.3834065682886262
2021-08-19,150448,1193,36923585,624200,53.7,59.47,135844.0,914.5714285714286,0.427097032974462
2021-08-20,168162,1497,37091747,625697,53.67,59.45,139370.14285714287,1041.0,0.44562051867583385
2021-08-21,174382,1381,37266129,627078,53.66,59.44,142687.42857142858,1099.2857142857142,0.4521274173740961
2021-08-22,167459,1556,37433588,628634,53.65,59.43,145709.42857142858,1150.7142857142858,0.44477945381064665
2021-08-23,141824,1169,37575412,629803,53.63,59.42,145991.7142857143,1188.5714285714287,0.4176559145764094
2021-08-24,124481,899,37699893,630702,56.6,61.32,147958.7142857143,1220.0,0.4142235196492361
2021-08-25,120825,1205,37820718,631907,56.58,61.31,149654.42857142858,1271.4285714285713,0.4102695052089828
2021-08-26,162414,1655,37983132,633562,56.57,61.3,151363.85714285713,1337.4285714285713,0.4540611697455488
2021-08-27,176904,1658,38160036,635220,56.56,61.29,152612.7142857143,1360.4285714285713,0.46928604372049726
2021-08-28,186271,1760,38346307,636980,56.55,61.28,154311.14285714287,1414.5714285714287,0.4791104000255096
2021-08-29,182171,1837,38528478,638817,56.54,61.28,156412.85714285713,1454.7142857142858,0.4747383147702732
2021-08-30,150022,1460,38678500,640277,56.53,61.27,157584.0,1496.2857142857142,0.44079795229491237
2021-08-31,115672,1183,38794172,641460,56.52,61.26,156325.57142857142,1536.857142857143,0.4045374022108613
2021-09-01,138600,1243,38932772,642703,52.48,58.65,158864.85714285713,1542.2857142857142,0.4085072857792157
2021-09-02,176801,1807,39109573,644510,52.47,58.64,160920.14285714287,1564.0,0.4487274389170944
2021-09-03,197627,2015,39307200,646525,52.46,58.63,163880.57142857142,1615.0,0.470631473237915
2021-09-04,183417,2028,39490617,648553,52.45,58.63,163472.85714285713,1653.2857142857142,0.45560180850497467
2021-09-05,182112,1973,39672729,650526,52.45,58.62,163464.42857142858,1672.7142857142858,0.4542261230341107
2021-09-06,141762,1490,39814491,652016,52.45,58.62,162284.42857142858,1677.0,0.4116905607740651
2021-09-07,123082,1324,39937573,653340,52.44,58.61,163343.0,1697.142857142857,0.39194874818917647
2021-09-08,116004,1092,40053577,654432,52.43,58.6,160115.0,1675.5714285714287,0.38443735923107974
2021-09-09,114676,1522,40168253,655954,52.42,58.6,151240.0,1634.857142857143,0.3829874196656785
2021-09-10,171241,2119,40339494,658073,52.41,58.59,147470.57142857142,1649.7142857142858,0.44256629071848125
2021-09-11,183714,2246,40523208,660319,52.41,58.58,147513.0,1680.857142857143,0.45571489215762745
2021-09-12,172091,2292,40695299,662611,52.4,58.58,146081.42857142858,1726.4285714285713,0.44341232276652187
2021-09-13,153543,1739,40848842,664350,52.4,58.57,147764.42857142858,1762.0,0.42385966827335386
2021-09-14,113838,1140,40962680,665490,52.39,58.57,146443.85714285713,1735.7142857142858,0.3819540342134353
2021-09-15,118971,1352,41081651,666842,52.38,58.56,146867.7142857143,1772.857142857143,0.38731508523752267
2021-09-16,162147,2413,41243798,669255,52.37,58.55,153649.2857142857,1900.142857142857,0.4327797098064726
2021-09-17,163128,2499,41406926,671754,52.36,58.54,152490.2857142857,1954.4285714285713,0.4337638374841555
2021-09-18,167335,2108,41574261,673862,52.36,58.54,150150.42857142858,1934.7142857142858,0.43819871010938505
2021-09-19,158492,2339,41732753,676201,52.35,58.53,148207.7142857143,1941.4285714285713,0.4288267197290087
2021-09-20,122574,1589,41855327,677790,52.35,58.53,143783.57142857142,1920.0,0.3909632172443416
2021-09-21,94644,1194,41949971,678984,52.34,58.52,141041.57142857142,1927.7142857142858,0.36147040717787393
2021-09-22,98378,1368,42048349,680352,52.33,58.52,138099.7142857143,1930.0,0.36535665140826823
2021-09-23,132981,2345,42181330,682697,52.33,58.51,133933.14285714287,1920.2857142857142,0.40183392677095375
2021-09-24,132730,2350,42314060,685047,52.32,58.5,129590.57142857143,1899.0,0.4015193230309322
2021-09-25,138256,2073,42452316,687120,52.32,58.5,125436.42857142857,1894.0,0.40734463943859045
2021-09-26,132731,2465,42585047,689585,52.31,58.5,121756.28571428571,1912.0,0.4014703987013998
2021-09-27,96166,1435,42681213,691020,52.31,58.49,117983.71428571429,1890.0,0.3629248513894154
2021-09-28,75238,1019,42756451,692039,52.3,58.49,115211.42857142857,1865.0,0.3408132756332608
2021-09-29,107319,1957,42863770,693996,52.3,58.48,116488.71428571429,1949.142857142857,0.3746319465840545
2021-09-30,115452,2155,42979222,696151,52.29,58.48,113984.57142857143,1922.0,0.3831554631411388
2021-10-01,116797,2253,43096019,698404,52.28,58.47,111708.42857142857,1908.142857142857,0.3845233069195071
2021-10-02,124042,1962,43220061,700366,52.28,58.46,109677.85714285714,1892.2857142857142,0.39216073315430344
2021-10-03,120674,2211,43340735,702577,52.28,58.46,107955.42857142857,1856.0,0.38861030505785155
2021-10-04,81968,1287,43422703,703864,52.27,58.46,105927.14285714286,1834.857142857143,0.3477578117469167
2021-10-05,66639,942,43489342,704806,52.27,58.45,104698.71428571429,1823.857142857143,0.33159851474854646
2021-10-06,91816,1356,43581158,706162,52.26,58.45,102484.0,1738.0,0.3580892214706919
2021-10-07,101799,2055,43682957,708217,52.26,58.44,100533.57142857143,1723.7142857142858,0.36861295178152303
2021-10-08,118223,2053,43801180,710270,52.25,58.44,100737.28571428571,1695.142857142857,0.3858765512803183
2021-10-09,113038,1738,43914218,712008,52.25,58.43,99165.28571428571,1663.142857142857,0.38041070517577463
2021-10-10,108501,2253,44022719,714261,52.24,58.43,97426.28571428571,1669.142857142857,0.37557797956901584
2021-10-11,70589,1051,44093308,715312,52.24,58.43,95800.71428571429,1635.4285714285713,0.335612471851473
2021-10-12,58449,1013,44151757,716325,52.23,58.42,94630.71428571429,1645.5714285714287,0.3227648990975807
2021-10-13,77961,1024,44229718,717349,52.23,58.42,92651.42857142857,1598.142857142857,0.34333376875849797
2021-10-14,89638,1914,44319356,719263,52.23,58.42,90914.14285714286,1578.0,0.35564325476867276
2021-10-15,96312,1846,44415668,721109,52.22,58.41,87784.0,1548.4285714285713,0.36262874442768006
2021-10-16,96871,1576,44512539,722685,52.22,58.41,85474.42857142857,1525.2857142857142,0.36321802272516124
2021-10-17,92417,2038,44604956,724723,52.22,58.41,83176.71428571429,1494.5714285714287,0.35852277131732374
2021-10-18,63002,892,44667958,725615,52.21,58.4,82092.85714285714,1471.857142857143,0.32746449625755064
2021-10-19,47645,695,44715603,726310,52.21,58.4,80549.42857142857,1426.4285714285713,0.31127568263605077
2021-10-20,72322,2330,44787925,728640,52.2,58.4,79743.85714285714,1613.0,0.337239336604632
2021-10-21,80595,1849,44868520,730489,52.2,58.39,78452.0,1603.7142857142858,0.3459604445743311
2021-10-22,76534,1841,44945054,732330,52.19,58.39,75626.57142857143,1603.0,0.3416294717584539
2021-10-23,87571,1523,45032625,733853,52.19,58.39,74298.0,1595.4285714285713,0.35326429209709387
2021-10-24,80874,1961,45113499,735814,52.19,58.38,72649.0,1584.4285714285713,0.34620454834354925
2021-10-25,36114,654,45149613,736468,52.19,58.38,68807.85714285714,1550.4285714285713,0.2990201179405841
2021-10-26,28057,347,45177670,736815,52.18,58.38,66009.57142857143,1500.7142857142858,0.29047670133806147
2021-10-27,84460,1030,45262130,737845,52.18,58.37,67743.57142857143,1315.0,0.34993477613740115
2021-10-28,101787,2052,45363917,739897,52.17,58.37,70771.0,1344.0,0.3681502867321276
2021-10-29,84199,1765,45448116,741662,52.17,58.36,71866.0,1333.142857142857,0.3496096307462618
2021-10-30,103121,1277,45551237,742939,52.17,58.36,74087.42857142857,1298.0,0.3695565429912329
2021-10-31,88448,1790,45639685,744729,52.17,58.36,75169.42857142857,1273.5714285714287,0.3540887783061858
2021-11-01,34950,453,45674635,745182,52.16,58.36,75003.14285714286,1244.857142857143,0.29764307466190293
2021-11-02,25347,302,45699982,745484,52.16,58.35,74616.0,1238.4285714285713,0.28751992709354557
2021-11-03,117847,1196,45817829,746680,52.15,58.35,79385.57142857143,1262.142857142857,0.38498019163559327
2021-11-04,74593,1450,45892422,748130,52.15,58.35,75500.71428571429,1176.142857142857,0.3393833338909584
2021-11-05,78766,1188,45971188,749318,52.15,58.34,74724.57142857143,1093.7142857142858,0.34378236490238767
2021-11-06,88850,1204,46060038,750522,52.14,58.34,72685.85714285714,1083.2857142857142,0.3543625575925413
2021-11-07,89858,1614,46149896,752136,52.14,58.34,72887.28571428571,1058.142857142857,0.35542515602520863
2021-11-08,35987,476,46185883,752612,49.92,56.92,73035.42857142857,1061.4285714285713,0.28753623310629184
2021-11-09,31524,256,46217407,752868,49.92,56.91,73917.85714285714,1054.857142857143,0.2828314942124484
2021-11-10,116391,1161,46333798,754029,49.91,56.91,73709.85714285714,1049.857142857143,0.372245331357493
2021-11-11,82883,1587,46416681,755616,49.9,56.9,74894.14285714286,1069.4285714285713,0.3368723733963937
2021-11-12,93749,1345,46510430,756961,49.89,56.89,77034.57142857143,1091.857142857143,0.348276923203954
2021-11-13,73647,970,46584077,757931,49.89,56.89,74862.71428571429,1058.4285714285713,0.32708609612709055
2021-11-14,122999,1734,46707076,759665,49.89,56.89,79597.14285714286,1075.5714285714287,0.3791112527233179
2021-11-15,69276,544,46776352,760209,49.88,56.88,84352.71428571429,1085.2857142857142,0.3224283470277248
2021-11-16,33593,217,46809945,760426,51.55,57.95,84648.28571428571,1079.7142857142858,0.29316257312974764
2021-11-17,133590,1080,46943535,761506,51.54,57.95,87105.28571428571,1068.142857142857,0.39852591351475847
2021-11-18,96915,1464,47040450,762970,51.53,57.94,89109.85714285714,1050.5714285714287,0.3598143997435125
2021-11-19,105810,1442,47146260,764412,51.53,57.94,90832.85714285714,1064.4285714285713,0.36919119841273446
2021-11-20,123870,3867,47270130,768279,51.52,57.94,98007.57142857143,1478.2857142857142,0.38817944183671294
2021-11-21,113822,1662,47383952,769941,51.52,57.93,96696.57142857143,1468.0,0.3775871907936166
2021-11-22,46194,374,47430146,770315,51.51,57.93,93399.14285714286,1443.7142857142858,0.306246104317657
2021-11-23,38751,177,47468897,770492,51.51,57.92,94136.0,1438.0,0.2983999533907296
2021-11-24,145378,1177,47614275,771669,51.5,57.92,95820.0,1451.857142857143,0.4107524084667963
2021-11-25,101066,1560,47715341,773229,51.5,57.92,96413.0,1465.5714285714287,0.36404024403390545
2021-11-26,106535,1374,47821876,774603,51.5,57.92,96516.57142857143,1455.857142857143,0.3698054730301927
2021-11-27,72723,465,47894599,775068,54.86,60.08,89209.85714285714,969.8571428571429,0.3509620584356994
2021-11-28,81747,563,47976346,775631,54.86,60.07,84627.71428571429,812.8571428571429,0.3604748444043401
2021-11-29,51800,214,48028146,775845,54.85,60.07,85428.57142857143,790.0,0.3288557535051037
2021-11-30,56537,193,48084683,776038,48.68,56.09,87969.42857142857,792.2857142857143,0.3029993404106607
2021-12-01,93479,1663,48178162,777701,48.66,56.08,80555.28571428571,861.7142857142857,0.3418423062770116
2021-12-02,120690,1622,48298852,779323,48.65,56.07,83358.71428571429,870.5714285714286,0.3704771997376648
2021-12-03,133075,1727,48431927,781050,48.63,56.05,87150.14285714286,921.0,0.38343303295420306
2021-12-04,143869,1244,48575796,782294,48.61,56.04,97313.85714285714,1032.2857142857142,0.39471168947791024
2021-12-05,151567,1641,48727363,783935,48.6,56.04,107288.14285714286,1186.2857142857142,0.4027766293102121
2021-12-06,67352,572,48794715,784507,48.59,56.03,109509.85714285714,1237.4285714285713,0.313950135927594
2021-12-07,55314,281,48850029,784788,48.58,56.02,109335.14285714286,1250.0,0.30121010291626377
2021-12-08,184043,1288,49034072,786076,48.57,56.01,122272.85714285714,1196.4285714285713,0.43686171529274004
2021-12-09,125548,1832,49159620,787908,48.55,56.0,122966.85714285714,1226.4285714285713,0.3750983104856379
2021-12-10,129708,1480,49289328,789388,48.54,55.98,122485.85714285714,1191.142857142857,0.3794336588559699
2021-12-11,137431,1162,49426759,790550,48.53,55.97,121566.14285714286,1179.4285714285713,0.387524952816066
2021-12-12,135573,1971,49562332,792521,48.52,55.97,119281.28571428571,1226.5714285714287,0.3855163355437474
2021-12-13,63967,490,49626299,793011,48.51,55.96,118797.71428571429,1214.857142857143,0.3099817653519931
2021-12-14,58109,306,49684408,793317,48.5,55.95,119197.0,1218.4285714285713,0.303756487632582
2021-12-15,185683,1312,49870091,794629,48.49,55.95,119431.28571428571,1221.857142857143,0.4381905542061215
2021-12-16,125442,1908,49995533,796537,48.49,55.94,119416.14285714286,1232.7142857142858,0.37468659370779656
2021-12-17,146477,1900,50142010,798437,48.48,55.93,121811.71428571429,1292.7142857142858,0.39681093363581654
2021-12-18,162668,1115,50304678,799552,48.47,55.93,125417.0,1286.0,0.4138289424658911
2021-12-19,156763,2034,50461441,801586,48.47,55.93,128444.14285714286,1295.0,0.4076040974808708
2021-12-20,87584,590,50549025,802176,48.46,55.92,131818.0,1309.2857142857142,0.3346279860153899
2021-12-21,102213,286,50651238,802462,48.45,55.91,138118.57142857142,1306.4285714285713,0.3499993889408748
2021-12-22,266159,1467,50917397,803929,48.44,55.91,149615.14285714287,1328.5714285714287,0.5227755191575041
2021-12-23,203318,2259,51120715,806188,48.43,55.9,160740.2857142857,1378.7142857142858,0.45648075087392487
2021-12-24,237883,1854,51358598,808042,48.43,55.9,173798.2857142857,1372.142857142857,0.492917967962363
2021-12-25,278812,3177,51637410,811219,48.43,55.9,190390.2857142857,1666.7142857142858,0.5360638918221253
2021-12-26,241450,1368,51878860,812587,48.43,55.9,202488.42857142858,1571.5714285714287,0.49667817491605776
2021-12-27,115824,262,51994684,812849,51.2,57.68,206522.7142857143,1524.7142857142858,0.3780976320653582
2021-12-28,211284,266,52205968,813115,51.19,57.67,222104.2857142857,1521.857142857143,0.4786782253382543
2021-12-29,464495,1786,52670463,814901,51.18,57.67,250438.0,1567.4285714285713,0.745554419158473
2021-12-30,389514,2331,53059977,817232,51.18,57.66,277037.4285714286,1577.7142857142858,0.6665120649126122
2021-12-31,474309,1823,53534286,819055,47.65,55.4,310812.5714285714,1573.2857142857142,0.7382500022649765
